FID,LAD23CD,LAD23NM,LAD23NMW,BNG_E,BNG_N,LONG,LAT,Shape__Area,Shape__Length,GlobalID
1,E06000001,Hartlepool,,447160,531474,-1.27018,54.67614,96607268.53,50737.90984,30c07a92-d72e-4cb0-8670-82730983c395
2,E06000002,Middlesbrough,,451141,516887,-1.21099,54.54467,55230925.92,35500.28999,e89cee90-7dfc-4bef-a375-ad715f00d455
3,E06000003,Redcar and Cleveland,,464361,519597,-1.00608,54.56752,248289166.8,85092.53249,a1ddad96-e6a8-4b04-9cab-098c8e1df209
4,E06000004,Stockton-on-Tees,,444940,518183,-1.30664,54.55691,205216887.4,88846.5766,a63605d7-85b6-4c25-a0b1-97d68bfaae03
5,E06000005,Darlington,,428029,515648,-1.56835,54.53534,198811930.5,91926.53976,acafd58b-c2d1-4149-81fe-805f6e8bb733
6,E06000006,Halton,,354246,382146,-2.68853,53.33424,80374511.33,67035.60724,08c69b00-40b6-467c-987a-ebb4fb8e1978
7,E06000007,Warrington,,362744,388456,-2.56167,53.39163,178559431.5,72275.52552,35bbbd45-df9e-4d4e-add6-7d73d0c34900
8,E06000008,Blackburn with Darwen,,369490,422806,-2.4636,53.7008,139386373.7,55099.1507,da026ca5-bd45-4cf7-83db-61f52fef146f
9,E06000009,Blackpool,,332819,436635,-3.02199,53.82164,33560284.34,29842.04678,00b565bf-9761-4558-ab2c-f8f66bc6bf6f
10,E06000010,city of Kingston upon Hull,,511894,431650,-0.30382,53.7692,70875062.37,40935.18295,4c9eed05-ff7f-4dc4-ad75-06134a8daabf
11,E06000011,East Riding of Yorkshire,,488056,443597,-0.66195,53.88112,2407839433,344634.308,a3c5ae9d-1cc9-4021-a37f-2aa7392f0cde
12,E06000012,North East Lincolnshire,,523465,404564,-0.13911,53.52327,190561609.1,78299.11367,46f9a686-a96b-47c2-b45d-fed57e20eb04
13,E06000013,North Lincolnshire,,497800,410993,-0.52407,53.58643,849079707.8,183044.8929,4d732ad7-dff3-49f2-ac1d-059939245514
14,E06000014,York,,460864,452589,-1.07375,53.96582,275329709,84242.7526,81cbd779-6288-40ba-bb25-e3ebeaa251a4
15,E06000015,city of Derby,,435609,335375,-1.47189,52.91464,78270268.22,40201.83699,d7400bb4-67a8-4ada-b83d-3619109e5c8d
16,E06000016,Leicester,,458946,304594,-1.1304,52.63592,73589165.16,40830.23019,46c05488-2f2d-4d8d-ba18-7feee6b2ce07
17,E06000017,Rutland,,492992,308655,-0.6263,52.66765,391236167.9,96479.79683,8848631a-8180-4f27-a908-13c2601adde7
18,E06000018,city of Nottingham,,456082,339969,-1.16667,52.95419,75870408.96,49574.89014,531a50af-df29-4d59-ae4c-5f1c91fdfda2
19,E06000019,Herefordshire,,349434,242834,-2.73931,52.08154,2180535242,285423.207,406fa67c-4c5b-4e60-bdf8-98bf827ef611
20,E06000020,Wrekin,,367035,313057,-2.48941,52.71417,291803346.1,93575.50817,769c4564-49d9-49fe-aea5-d352e2c0f6d2
21,E06000021,Stoke-on-Trent,,389438,346652,-2.15888,53.01707,92988898.03,51303.97636,2bfa5f45-e1b3-4c25-838f-147e38fe5268
22,E06000022,Bath and North East Somerset,,366217,161999,-2.48654,51.35604,348611816.2,107062.6963,41a87092-f6aa-4dd5-aff5-b11ac88dc9ae
23,E06000023,City of Bristol,,359990,174846,-2.57742,51.47115,110288680.4,58246.48326,5b257855-631b-4412-a897-82fcef8d91b9
24,E06000024,North Somerset,,347614,166718,-2.75438,51.39706,373484336.7,112489.7879,c8736409-9651-4b63-b99e-6de9c147c639
25,E06000025,South Gloucestershire,,367559,183198,-2.46922,51.54673,500483844.8,114719.594,eaa9bdb0-b882-4e12-8af1-a812909d401b
26,E06000026,city of Plymouth,,249945,58255,-4.11297,50.40494,81893358,54464.97608,31c4d425-7e80-4563-9521-f5daad55b622
27,E06000027,Torbay,,289730,64613,-3.55523,50.47092,65488457.5,55444.34232,d1af526a-95e4-4852-9a45-6fa4b74ad16e
28,E06000030,Swindon,,418551,186564,-1.73367,51.57763,227716487.3,83669.74741,2d3efb45-87be-431c-8ab5-eebef8e2cf43
29,E06000031,city of Peterborough,,517372,300777,-0.26874,52.59214,341526539.4,97208.38265,213f9ff8-16a3-4dfa-af89-d4fbf50c928c
30,E06000032,Luton,,508606,222559,-0.42319,51.89102,44068117.8,30772.55594,de0ed576-8ca6-4890-ad6e-5a2ef346c659
31,E06000033,Southend-on-Sea,,587777,186837,0.706923,51.54917,44407807.28,33038.55772,3bc973e8-52bd-4728-a4c2-2e85330dd742
32,E06000034,Thurrock,,562123,181590,0.334861,51.50998,161607747.4,73501.30329,a05c673a-20a8-41c9-a08c-860f3cd98ae3
33,E06000035,Medway,,578207,175198,0.563174,51.44772,190701086.1,115776.7421,8e2fded1-d26a-49d2-96cf-e14555dc5eed
34,E06000036,Bracknell Forest,,488169,168792,-0.73363,51.4113,108233672.3,57917.01914,ed901919-10f9-46ea-bdbd-8207b123c87c
35,E06000037,West Berkshire,,450575,172095,-1.27364,51.44559,701219073.1,143114.3673,ac10fc23-d309-4359-9fc2-e23edaa9787f
36,E06000038,Reading,,470226,173154,-0.99071,51.45302,41325773.86,30503.65818,0fc7fac5-6b0b-4590-9303-039cd93ce8af
37,E06000039,Slough,,498920,179246,-0.57617,51.5035,32202299,37004.41099,a0e2349a-ced6-4355-bbbb-5eea4a36518c
38,E06000040,Windsor and Maidenhead,,492079,176541,-0.67541,51.48034,197866882.7,102785.7872,fb1c671e-421a-4e0f-b450-3ac6699f675f
39,E06000041,Wokingham,,476624,169902,-0.89935,51.42296,179128214.9,75871.92837,6a0188ac-fc14-41ea-b1c2-20d1f2d17f62
40,E06000042,Milton Keynes,,486408,242308,-0.7407,52.07241,309327071.3,87925.19571,763eb735-daad-40d6-9d31-1b8d175f09c0
41,E06000043,Brighton and Hove,,530279,106850,-0.15079,50.8465,85541636.48,48484.09252,1d5e1cda-1131-43b3-aa7e-723ad0af82b0
42,E06000044,Portsmouth,,465619,101352,-1.07006,50.808,38212926.2,45713.73776,21e994af-0ec9-40d5-b5a1-c9d02d015bdc
43,E06000045,Southampton,,442303,113700,-1.39952,50.9212,51630345.74,37973.15308,132e93c1-216d-414a-a747-4959f2f891e3
44,E06000046,Isle of Wight,,447183,85949,-1.33366,50.67129,379785983.3,114572.0456,85aa34a8-ef5b-49bf-8cf3-16ddf0a19b20
45,E06000047,County Durham,,410381,532242,-1.8405,54.68513,2231232702,264025.107,6f081267-89a7-4a0c-84e4-861e7fbfcd9e
46,E06000049,Cheshire East,,380510,363462,-2.29299,53.16793,1168794654,236391.6022,f461738a-1e60-4d0e-8c22-9cabc4279ae9
47,E06000050,Cheshire West and Chester,,353097,363145,-2.70298,53.16336,919483812.8,226884.212,928dcdb1-bf27-4f26-a18f-251549925180
48,E06000051,Shropshire,,350227,302960,-2.73667,52.62212,3188263381,469625.3151,5c888af3-f9e6-4737-b463-8096e3c226fd
49,E06000052,Cornwall,,212497,64493,-4.64254,50.45022,3573835357,561774.1967,b92e5456-3e7b-4312-8067-3da2549c56ca
50,E06000053,Isles of Scilly,,91327,11447,-6.30217,49.92332,13574584.3,40388.20647,216d2be9-18b0-4c30-801f-571915c5ce40
51,E06000054,Wiltshire,,405209,158863,-1.92661,51.32883,3258225564,348942.1249,47c50c75-090b-420e-baee-afe24195bffe
52,E06000055,Bedford,,505721,256463,-0.45463,52.19628,474719272.6,115792.6152,ba5ae987-70f8-4130-9763-3e434841b369
53,E06000056,Central Bedfordshire,,504615,234492,-0.47754,51.99903,709157751.6,200739.4385,14a1521d-231b-45a1-ade7-ec7d48d940e1
54,E06000057,Northumberland,,395322,600700,-2.07523,55.30038,5032155816,445869.981,c53ba9b8-a372-45bf-813c-31f8eb09c69e
55,E06000058,"Bournemouth, Christchurch and Poole",,410815,94066,-1.84807,50.74609,162214515.4,94581.01579,f8b2f3f8-c26e-4c4c-8fd9-66991e0395d1
56,E06000059,Dorset,,370871,99796,-2.41467,50.79697,2489188755,402010.0327,6bba5ee9-9fe8-4bab-a755-5aa620a93216
57,E06000060,Buckinghamshire,,482506,208561,-0.80569,51.76966,1572311701,301444.1841,971e5b52-80df-4116-945e-1015de78eea8
58,E06000061,North Northamptonshire,,493590,281718,-0.62504,52.42546,993517902.1,173357.2145,8779bfb9-aed9-4627-a453-e6a4c7dcf525
59,E06000062,West Northamptonshire,,467187,263879,-1.01682,52.26898,1374391046,214647.3459,fa4440c4-bd8f-4dc9-a30a-a460c96a1b35
60,E06000063,Cumberland,,315777,533120,-3.30797,54.68606,3037025295,393811.1787,94f15680-411a-4330-ba2d-37a4d4c70af3
61,E06000064,Westmorland and Furness,,353889,510941,-2.71336,54.4917,3791559763,405681.9035,49a72a01-4d7b-47a7-8be2-19c456840c0f
62,E06000065,North Yorkshire,,429509,466515,-1.55032,54.09371,8052698656,661517.5146,10362cdd-cc17-4f62-9e44-09092814865e
63,E06000066,Somerset,,309295,131077,-3.29602,51.07182,3462369647,377912.0866,79d6da9a-c754-4740-8c65-e9f4642cf748
64,E07000008,Cambridge,,545420,257901,0.126436,52.20017,40206167.03,30617.99325,62912818-375a-4314-87c2-e5314a9cf1d8
65,E07000009,East Cambridgeshire,,555576,275765,0.283149,52.35788,657743069.8,166638.0546,12572a2c-c882-4141-8955-5d38de383bb5
66,E07000010,Fenland,,536361,294959,0.009016,52.53544,548320827.8,136403.3626,3ff19c2f-e0dd-4ff8-b30b-59d3f7acc11e
67,E07000011,Huntingdonshire,,521008,274269,-0.2247,52.35315,911218073,193568.3111,2f2c7054-8c6b-4e3c-b4cc-4eb3fcf6534b
68,E07000012,South Cambridgeshire,,543295,247586,0.091017,52.10805,898577989.6,225222.4366,8e262a25-026a-4de9-816a-334f2b09ba33
69,E07000032,Amber Valley,,436166,348084,-1.46219,53.02884,267682039.8,85444.53145,83dfa079-2ecc-4de2-bf60-638212cb6a13
70,E07000033,Bolsover,,448666,371548,-1.27228,53.23875,160954362,82095.5555,ea6c092d-9916-4fe9-b1fb-96cdc0973d61
71,E07000034,Chesterfield,,440049,373359,-1.40115,53.25575,65539249.55,41461.8498,f99b2ec2-fea9-4cf8-ab74-c42fe1cba760
72,E07000035,Derbyshire Dales,,419697,358493,-1.70711,53.12326,795379915.3,197736.8119,b3ca5e79-1e7b-4acb-b466-71dec5d9ff43
73,E07000036,Erewash,,443721,338063,-1.3509,52.9382,108863746.3,57580.62258,1694cf68-0f4c-47b4-8203-46cc19a03d93
74,E07000037,High Peak,,410474,387660,-1.84398,53.38569,539851662.5,133612.8538,cf765731-f756-43fc-b6b5-9a03039a90fd
75,E07000038,North East Derbyshire,,437369,362955,-1.44253,53.16243,274741983.8,129085.358,07b0e969-a3b5-4cee-b60d-26ecd67b0abe
76,E07000039,South Derbyshire,,431443,325363,-1.5348,52.8249,336648416.1,128744.9956,c142095a-156c-4715-9ab8-77d6ba3ae680
77,E07000040,East Devon,,313787,96051,-3.22364,50.75761,816965903.9,169113.581,782a04d6-c3bb-4105-876b-e6fdb1a1f030
78,E07000041,Exeter,,293239,92005,-3.51368,50.71782,46524189.23,30580.50791,73822ca5-4224-4670-8d10-e0fcbeb086cd
79,E07000042,Mid Devon,,288064,108911,-3.59212,50.86882,906819152.1,204268.6527,809bbec1-0345-4218-bc18-55e5f1c08b54
80,E07000043,North Devon,,265110,132532,-3.92691,51.07621,1089332611,202435.5172,53ef0ac8-6489-4d23-aa14-defd822bb76e
81,E07000044,South Hams,,270676,54036,-3.81996,50.37195,890009330.1,242805.2684,c118b244-aa45-4126-b119-7400dbebe54d
82,E07000045,Teignbridge,,283144,80205,-3.65289,50.60981,677091605.6,133162.294,9390cef3-6d89-4b60-93b7-9e5055c2d02a
83,E07000046,Torridge,,244206,114334,-4.21728,50.90739,984734235.6,225505.2902,c7687e44-a46b-4587-ab8f-034ff9001f1b
84,E07000047,West Devon,,256376,86990,-4.03361,50.66481,1167045355,201162.8677,f0d43370-ddaa-4747-aa7f-2ab8222c5628
85,E07000061,Eastbourne,,559339,99575,0.258516,50.77387,44442084.96,29562.50635,58f10216-407e-4315-b8b9-f023f04dd23d
86,E07000062,Hastings,,581528,110694,0.578395,50.86724,29507839.35,27845.72542,769a647c-7d30-43a1-b9d3-091af02c88df
87,E07000063,Lewes,,541474,105686,0.007671,50.83341,292693920.8,93913.41894,f61d27a6-a10d-49d7-876a-109a4f9de5c0
88,E07000064,Rother,,578721,119666,0.542937,50.94871,515950032.4,134126.2873,73214fde-4a83-4df3-a708-2e76c668a732
89,E07000065,Wealden,,555048,117180,0.205156,50.93322,839308013.1,169001.5521,9aca9ef9-6841-4291-bceb-169d11ebb9fc
90,E07000066,Basildon,,571548,190848,0.475055,51.59036,110668313.4,49750.29655,72ecc661-fb3b-418f-b43e-5066adc070a1
91,E07000067,Braintree,,577253,227335,0.575911,51.91634,612575008.4,131727.8443,3a37b5d3-414e-43d6-833d-1006e91490ba
92,E07000068,Brentwood,,558560,196070,0.290091,51.64108,153037244,62499.67468,ef0f6666-bc46-4212-9416-89234b5ff899
93,E07000069,Castle Point,,579490,187920,0.588084,51.56159,44147776.92,36373.35253,1327c321-3420-4568-92ea-6bd8a10733be
94,E07000070,Chelmsford,,572116,206972,0.491177,51.73503,340537513.6,94187.11676,fb2ef82f-433b-4c7f-9f24-e79a81c2b4b8
95,E07000071,Colchester,,596944,223693,0.859777,51.87702,328517847.5,130472.8288,8abe3a81-0eb6-434c-8564-66a641a765c3
96,E07000072,Epping Forest,,548919,203759,0.154147,51.7128,339300918.1,101264.4569,a3687c75-6b95-451d-bf18-a5d507abc2c4
97,E07000073,Harlow,,545276,209589,0.103888,51.76614,29849413.08,22091.22062,62487481-fc27-427f-bac5-5ae38f198d64
98,E07000074,Maldon,,591413,212072,0.773106,51.77458,358354436,160733.4674,f8ea7c80-9c0a-449c-8856-ab6ceef2f887
99,E07000075,Rochford,,585979,191417,0.683442,51.5909,168434463.3,106538.2956,c8080389-36d9-4484-a6b7-23c2566ee04b
100,E07000076,Tendring,,614190,222141,1.108981,51.85674,329202834.9,143575.3868,4806ee39-a5b5-4839-937d-4cdf43691b51
101,E07000077,Uttlesford,,557832,228865,0.294485,51.93592,645320889.8,138938.0406,a3932d25-a75e-4a13-bb85-dc17535dd351
102,E07000078,Cheltenham,,394925,222232,-2.07515,51.89861,46538844.81,31000.68489,ae1d1da3-0fa0-4535-acdc-fb9858cda5f5
103,E07000079,Cotswold,,402125,208209,-1.97059,51.77255,1167759353,275897.2002,b30f99d5-99e4-47c8-8c43-2d36041283d7
104,E07000080,Forest of Dean,,367175,212759,-2.47755,51.81249,542674810.7,166729.0817,97099f9f-b653-4217-b6ce-722356dc4e49
105,E07000081,Gloucester,,384071,216449,-2.23263,51.84641,40596281.27,28016.60599,0d47c8b7-987b-44d7-be40-e87cf87768b8
106,E07000082,Stroud,,378807,202410,-2.30818,51.72001,472510855,142776.1503,13a39aa9-5171-4513-bb5e-36cb7b022ef1
107,E07000083,Tewkesbury,,386347,226279,-2.19998,51.93485,413498687,170210.5586,0b04d5c4-7050-45af-9f58-1c423ef17c23
108,E07000084,Basingstoke and Deane,,454508,151423,-1.22021,51.25937,634615589.6,122974.7738,9b8e4dc1-8bba-4335-9fcd-cb590e10ffd5
109,E07000085,East Hampshire,,474405,129237,-0.9397,51.05765,513782650.8,124160.7867,35360019-3709-47b4-b6d2-a55579517ec1
110,E07000086,Eastleigh,,447199,116807,-1.32947,50.94876,77688558.18,54533.37881,3dcee96f-9ffe-4591-a3fa-4f131c500e1f
111,E07000087,Fareham,,453774,106319,-1.23742,50.85388,73071593.81,49793.86205,ca268f4e-b1ef-469f-a442-1e56dc308ba7
112,E07000088,Gosport,,458769,101088,-1.16731,50.80636,25670936.79,28825.19905,361bbc44-1c40-4b64-b988-99b3d69902a5
113,E07000089,Hart,,477985,154240,-0.88321,51.28197,213323430.3,65754.77949,000ed2eb-3f21-42b2-a402-1e7cde33dfc4
114,E07000090,Havant,,470178,108564,-1.00398,50.87231,56149347,61332.19957,97d6effc-3762-4821-a917-701f5ba55e27
115,E07000091,New Forest,,428748,106521,-1.59293,50.85748,754643018.1,171867.7921,5780bf35-ca16-4da4-b428-62be2ae7ea23
116,E07000092,Rushmoor,,486022,153944,-0.76807,51.27815,39413424.64,26427.41943,6fed3ecc-65e3-4b50-ab6c-d31edad23e03
117,E07000093,Test Valley,,434930,137329,-1.50214,51.13417,626161979.3,159950.7697,1bcf2159-f6c5-4f9d-bc3b-be12de65fa73
118,E07000094,Winchester,,453115,125901,-1.24393,51.03002,660906127.5,142819.0981,887c6ae6-b109-4ae8-b65e-b60df6f78c7f
119,E07000095,Broxbourne,,534742,204251,-0.05073,51.7208,51741960.46,34985.11748,158bd005-7d0d-4600-8424-8de8bec2967d
120,E07000096,Dacorum,,500084,208745,-0.55098,51.76845,214917779,93294.90105,3ad1f1c0-24af-4911-a5b9-1c1146548717
121,E07000098,Hertsmere,,519774,199352,-0.26899,51.68017,99199125.28,52254.87207,f35973b3-ce85-4c70-b3cf-edac62f5ca9b
122,E07000099,North Hertfordshire,,522191,230255,-0.22315,51.95737,372012215.3,142743.6066,e6203391-087b-45fc-be91-aa4ec89ccaa4
123,E07000102,Three Rivers,,507313,196418,-0.45005,51.65632,88925907.76,64616.25642,133ea9ff-06ea-4f8a-9f17-d96e427889dc
124,E07000103,Watford,,510441,198197,-0.40429,51.6717,22713922.56,21681.06894,98693ce2-32b6-4ea8-9f34-54426ca045a3
125,E07000105,Ashford,,597640,140644,0.823374,51.13096,582956339.8,122616.9082,a277d0cd-9a7d-499e-a991-8a545974c63c
126,E07000106,Canterbury,,616032,158096,1.096342,51.28102,308412276.6,95753.71243,4b039f3f-56e6-407c-aa64-9f341c76e930
127,E07000107,Dartford,,556167,172917,0.245276,51.43373,72779349.2,44121.19805,bf347119-733d-491c-ae23-fc92dbb83a01
128,E07000108,Dover,,628964,150942,1.276887,51.21176,315191259.4,93266.37441,1d3d32c4-706f-46f8-9689-3ca6ab93fe95
129,E07000109,Gravesham,,566969,169114,0.398744,51.39649,96057776.92,50005.3799,07ea4beb-82a8-4feb-a654-baa0a74abaa4
130,E07000110,Maidstone,,580489,151670,0.584061,51.23566,392203482.6,101298.6804,df000460-315a-4dcf-9d4f-bdba28a76e48
131,E07000111,Sevenoaks,,552776,155218,0.188936,51.27563,370531322.8,111493.7435,05788317-e75a-4561-897e-de4ff395d0ca
132,E07000112,Folkestone and Hythe,,610318,134595,1.000795,51.07213,359742399.6,128022.3424,79baebc4-02be-467b-9262-591a4f218253
133,E07000113,Swale,,593583,161818,0.776893,51.32251,369647334.8,176774.1256,8dd7ac07-aa56-4a42-8682-70493bf8b12f
134,E07000114,Thanet,,631839,166752,1.328226,51.35252,104187100.6,46106.89121,ac8d9000-530f-47cb-afe9-cb8a280c63e8
135,E07000115,Tonbridge and Malling,,564014,153898,0.349306,51.26064,243612937.2,91656.105,1a9450ee-30b7-4936-a792-cb8e16ba0c65
136,E07000116,Tunbridge Wells,,573139,136599,0.471632,51.10254,327429108.6,117002.266,b0d6d5aa-0ca6-407b-b9fe-f36f1b0d13b0
137,E07000117,Burnley,,384886,430882,-2.2308,53.77406,111744584.5,48840.26105,71cf5076-28ef-48f1-9f95-d3dcf06415dc
138,E07000118,Chorley,,359189,419724,-2.61921,53.6724,202983750.7,77347.88338,99b10b84-c881-451a-8bdc-18b9678cdb21
139,E07000119,Fylde,,339554,433811,-2.91914,53.79709,163602104.4,71097.56841,17e7c8c1-cdec-481b-90c0-7e7500c36acc
140,E07000120,Hyndburn,,374407,428971,-2.38964,53.75648,73415839.35,36632.70683,59458775-8142-4164-8d1a-bcf1e5065cc8
141,E07000121,Lancaster,,356896,464988,-2.6603,54.07901,569231141,182210.3563,496393eb-0e03-4f30-929c-3a15d01eb475
142,E07000122,Pendle,,387637,443368,-2.18957,53.88636,166912809.7,66104.87836,ae57aa16-2d8a-4347-ba00-6bb746bce4c5
143,E07000123,Preston,,352825,436432,-2.71809,53.82202,142889476.7,61312.12964,e7a69a5b-ce6f-41e4-9d04-906f83ee02d5
144,E07000124,Ribble Valley,,372687,447676,-2.4174,53.9245,582688304.4,127823.4389,bfaa5cb3-e797-48a6-8810-530958f22640
145,E07000125,Rossendale,,382827,420955,-2.26149,53.68478,136992518.3,62470.78776,ea42e346-4e4f-4a40-b7f0-f9d8d0280a4c
146,E07000126,South Ribble,,352017,425840,-2.72871,53.72675,114229259.4,71341.7657,58115056-6a2c-43d1-9486-008d33bcbc02
147,E07000127,West Lancashire,,342611,413270,-2.86893,53.61283,346459060.9,113411.1954,85e22adb-534d-442c-ac81-990be49559e0
148,E07000128,Wyre,,347295,445159,-2.80359,53.89991,285137225.4,115522.8694,1714beaa-5417-4dd3-9df9-32a0efe7def8
149,E07000129,Blaby,,454385,297994,-1.19887,52.57706,130075520.5,80278.7477,ab7f731f-16c9-4a5a-b9c5-a505f1b9f3b4
150,E07000130,Charnwood,,458365,316155,-1.13694,52.7399,275627408,93463.68577,d4ed0424-c725-4105-94e4-8358a7c91e30
151,E07000131,Harborough,,474549,293875,-0.90229,52.53766,595940981.6,142557.3883,5197db07-9a7d-4690-9f84-7f0ebcdd4f31
152,E07000132,Hinckley and Bosworth,,439538,301379,-1.41755,52.60877,300065242.9,93517.84166,4bce09f6-26bf-48fd-8556-6c497e30cd56
153,E07000133,Melton,,477328,323472,-0.8544,52.80329,484034104.7,116588.5455,e66b0d28-04bf-410c-a2a6-90c2b43b57cc
154,E07000134,North West Leicestershire,,439111,316252,-1.42209,52.7425,278295791,95775.89924,5bbd2db3-6410-46bd-b817-0820d1fe35a7
155,E07000135,Oadby and Wigston,,461543,299379,-1.093,52.58875,23221816.11,23050.25105,868af043-f34e-4e8f-9a2d-fe493cf7ae0e
156,E07000136,Boston,,526851,343953,-0.11218,52.97794,365282661.2,100883.5711,8e4053b0-fc0a-427d-8404-1741b1a80bd5
157,E07000137,East Lindsey,,534861,376064,0.020516,53.26446,1774451309,229904.1051,c4347d5f-060a-448f-83aa-2d1c14ec7517
158,E07000138,Lincoln,,496347,370096,-0.55848,53.21921,34776950.28,28546.92429,2bbaf159-de1c-4684-b330-e669ea63cdc2
159,E07000139,North Kesteven,,502135,354788,-0.4767,53.08058,921048722.4,163501.5786,a9c0c28c-e4df-425c-ad80-364ae3d0d253
160,E07000140,South Holland,,532910,322928,-0.03057,52.78758,754585539.2,145693.6671,a3142fe3-d237-47e9-9937-4ddf71255a44
161,E07000141,South Kesteven,,501406,328986,-0.49565,52.84885,942016151.8,184693.7485,d8761811-6dae-45fa-9376-e15417912408
162,E07000142,West Lindsey,,499314,390326,-0.50774,53.40044,1158109285,221131.571,1f9f9e0b-cece-432c-9b42-e7d530062642
163,E07000143,Breckland,,591015,303330,0.818716,52.59421,1301635049,206994.6601,3392e125-e856-444d-88d3-0614296da691
164,E07000144,Broadland,,619864,315909,1.252317,52.69622,552430244.8,166620.9371,2e5a9284-b27a-49eb-b44c-e9c495535476
165,E07000145,Great Yarmouth,,646761,315881,1.64951,52.68439,182196423,73942.94584,4558b35b-a35c-4b99-8393-e16e8e388828
166,E07000146,King's Lynn and West Norfolk,,571219,315805,0.533243,52.71283,1432753274,287891.3047,bff0cdcb-02c6-470b-b3c7-3a6febbff5d5
167,E07000147,North Norfolk,,611076,330857,1.132099,52.83389,958233983.4,229192.1663,6d1b04c1-10ab-4388-964d-f4af69ab8a3a
168,E07000148,Norwich,,622355,309773,1.284979,52.64013,39013151.44,35520.1864,aba7d45b-3ef6-46f2-9d11-cb6cfe1196dc
169,E07000149,South Norfolk,,628990,295823,1.373233,52.51218,908232279,197322.6451,3acb6e6e-acb2-4984-b6a4-e857f69bb135
170,E07000170,Ashfield,,450035,355843,-1.25422,53.09747,108522403.7,57593.07178,00485284-d91b-4b89-b83d-04b743614349
171,E07000171,Bassetlaw,,468073,384835,-0.9787,53.35604,639297045.7,136468.8724,d2ff3bfd-5682-4c3c-b0c7-0df3cdf12549
172,E07000172,Broxtowe,,449829,341893,-1.25944,52.9721,79450647.74,52747.46049,d122b2af-449d-4882-a019-11f3b029eaab
173,E07000173,Gedling,,459184,347811,-1.11907,53.02434,120120105.9,59267.85996,04e2cfd0-09ff-4b9e-8676-6b080775fba7
174,E07000174,Mansfield,,455047,363637,-1.17804,53.16703,78367984.78,45444.6628,f2703da6-5ee8-4749-95bb-4c08d7fafbc4
175,E07000175,Newark and Sherwood,,470624,357451,-0.94643,53.1096,651136006.2,159291.7328,ce1d97ff-9749-4503-9cff-7b39ad907041
176,E07000176,Rushcliffe,,466606,335453,-1.01097,52.9124,410575266.2,104457.6689,b4f4151b-f1ea-4ff9-91bc-a31c92ec1810
177,E07000177,Cherwell,,449301,221201,-1.28506,51.8872,590763670.3,184793.6347,e0629548-0071-44ad-9dac-5bd08c5a21a8
178,E07000178,Oxford,,452277,206368,-1.24405,51.75357,45104804.18,30242.82003,fd7d6f6e-db13-4d8c-8f36-4cf9ee04aec4
179,E07000179,South Oxfordshire,,463890,191964,-1.07847,51.62288,676298218.3,172245.1561,9d726a6e-d754-4c37-a732-287745aa86a9
180,E07000180,Vale of White Horse,,435693,195197,-1.48543,51.65443,582889684.8,146016.4751,234aaee8-3885-46de-a75b-eabd17fdb58b
181,E07000181,West Oxfordshire,,434343,215816,-1.50292,51.8399,713073679.6,132447.0347,3373add2-379a-4594-818e-5f855750a7b2
182,E07000192,Cannock Chase,,401261,311553,-1.98277,52.70166,79674051.09,41988.84425,64d682d7-a311-4bbc-b7d3-9bfdc17b6c9e
183,E07000193,East Staffordshire,,412601,326569,-1.81438,52.83651,394049050.3,138083.0892,6e7700ae-769e-46fe-8c5a-bfe4bea41cc2
184,E07000194,Lichfield,,416283,310967,-1.76049,52.69615,328434382.1,104021.7997,e20fb8c0-0ff5-4721-ae9e-7b159e73726b
185,E07000195,Newcastle-under-Lyme,,378199,345174,-2.32631,53.00345,210621411.9,87776.12263,3f46bd8e-dc65-403d-bf28-3277f5ec1f6b
186,E07000196,South Staffordshire,,389625,311037,-2.15495,52.69692,409479532.5,152654.4095,f6014f40-aa08-4bb9-baae-8260b8613768
187,E07000197,Stafford,,389001,327836,-2.16475,52.84792,598925928.6,128779.0957,1bd1c337-8a6a-427f-9115-ef6c7a28f22c
188,E07000198,Staffordshire Moorlands,,400543,352443,-1.99334,53.06924,576424488.1,120005.1434,808f3cf4-7252-4ce9-8cba-48e24b68c2db
189,E07000199,Tamworth,,421455,302550,-1.68451,52.62031,30613950.59,25384.26194,04c07d93-be21-4da5-86ab-6ea9af9405da
190,E07000200,Babergh,,599987,244692,0.916149,52.0645,595926597.6,142718.7247,3ca9e123-f9c5-4179-9414-a6273dfa4e92
191,E07000202,Ipswich,,617161,244456,1.166145,52.05592,40677965.35,30232.28658,82fe880b-0687-4b59-a250-54ac60e55c9f
192,E07000203,Mid Suffolk,,611646,262338,1.096953,52.21859,873326150.1,159692.3979,e9481ab7-3f5e-41f1-9b03-bfb7ae9a53f5
193,E07000207,Elmbridge,,511882,163658,-0.39441,51.36098,95445511.4,43265.24086,6bb251ee-8685-4b07-8577-ef28aeae2f75
194,E07000208,Epsom and Ewell,,521176,161475,-0.26172,51.33945,34819401.82,26065.69909,133718ef-9ead-4fac-b098-b905b9b545a0
195,E07000209,Guildford,,500408,151481,-0.56257,51.25366,271962367.1,104284.4186,edbee366-dce4-4567-86c1-201b1da9a6eb
196,E07000210,Mole Valley,,518377,148953,-0.30603,51.22749,256063074.3,84131.36189,a2e51936-d2e8-4eb5-add8-6b7e310b3365
197,E07000211,Reigate and Banstead,,525786,152574,-0.19871,51.25846,129075174.9,61530.39198,157e94a0-3ce0-4531-aea6-b736c0adb626
198,E07000212,Runnymede,,501777,166979,-0.53855,51.39273,79350129.22,37971.65204,6cab418c-21e8-49f7-acc5-573c51878b21
199,E07000213,Spelthorne,,507012,169622,-0.46254,51.41552,51877643.38,34315.07822,a78561bd-f81f-4dc2-920f-5f4a4e3003f3
200,E07000214,Surrey Heath,,491362,160483,-0.68986,51.3361,97022373.44,46464.66793,ef5662c4-69f6-44b0-accc-3030c0b815f3
201,E07000215,Tandridge,,536365,150325,-0.04805,51.23581,247440298.2,69708.36693,a3e20940-b87e-4cfb-8a77-7b443af71112
202,E07000216,Waverley,,496363,140635,-0.62343,51.15686,342983597.3,102272.6708,46fbc2e7-17b9-4d52-984b-e5b52f45c5cb
203,E07000217,Woking,,499087,157542,-0.57982,51.30837,61706657.25,41474.91286,13cb55e0-8a47-4a58-9a11-a6047daa6a51
204,E07000218,North Warwickshire,,425570,296399,-1.6242,52.56484,285090613.2,96478.87863,5ef5122a-81c6-4e53-965c-07ed28405c90
205,E07000219,Nuneaton and Bedworth,,435419,289352,-1.47965,52.50094,77956834.19,40985.6679,80078fdf-6ba8-47b6-8e54-4bdd28615e9a
206,E07000220,Rugby,,446498,276244,-1.31828,52.38228,349027687.6,96983.03161,3a75d5e6-53c3-43ff-a463-cf72dee4dd46
207,E07000221,Stratford-on-Avon,,425019,251536,-1.63565,52.16154,979059833.3,217880.249,e1724ef7-8698-4168-aa4e-6362149d15c0
208,E07000222,Warwick,,428484,267113,-1.58369,52.30142,283003908.8,91460.34359,8710b253-c367-43c2-8898-9680ff2ee76f
209,E07000223,Adur,,518076,106472,-0.32417,50.84572,40937981.57,30966.7809,a545dbe7-d3cb-4684-b8f2-604326cbfced
210,E07000224,Arun,,495144,105723,-0.64999,50.84321,224127243,96782.49588,5ec7dabe-1ef4-4276-90f2-89cdcdc25563
211,E07000225,Chichester,,490285,116600,-0.7163,50.94177,788007626.4,182940.5768,16bceb11-c113-4d17-ae57-9d59f65426d6
212,E07000226,Crawley,,526390,137581,-0.19533,51.12357,45831413.91,33575.96825,24d71afa-9094-4611-9bb0-1e40bebe3a2c
213,E07000227,Horsham,,513674,123840,-0.38126,51.00272,530018507.9,128161.2615,dac318a2-d540-4f86-a525-bd663f7fcfd9
214,E07000228,Mid Sussex,,533054,130623,-0.10272,51.05953,336801967.6,108959.5705,27032169-6c22-4846-8b99-297a0fa9bc4a
215,E07000229,Worthing,,512679,104948,-0.40127,50.8331,30624642.74,25749.2798,2b1c1299-43f8-456a-9457-f82492e23c69
216,E07000234,Bromsgrove,,399840,273736,-2.00376,52.36169,218023988.5,90566.90007,b0ebd5f9-b00f-4eac-aa1c-23bf91a97d09
217,E07000235,Malvern Hills,,377465,252197,-2.33089,52.16758,579706572.2,187651.8488,914432f9-d86b-41bd-8023-5d76439c6f5e
218,E07000236,Redditch,,403705,265253,-1.9471,52.28541,55070558.62,32533.50857,0fa6dae7-d8dc-4143-8d90-902caa3084e7
219,E07000237,Worcester,,385725,255196,-2.21025,52.19482,34532194.74,23906.66717,98eebd3c-94d2-40f9-addd-f80a5139f5f6
220,E07000238,Wychavon,,398991,247839,-2.01614,52.12886,659700140.7,183892.586,f6b3a4e7-4bb2-425d-8b21-96f05757d21e
221,E07000239,Wyre Forest,,384106,276388,-2.23494,52.3853,196196406.5,82043.19822,19f3a365-10a1-4e05-96f6-62e10af3440f
222,E07000240,St Albans,,514580,209623,-0.3407,51.77356,158865081,63002.6945,9375269c-b3bb-4b79-9296-12b6f89d9c58
223,E07000241,Welwyn Hatfield,,525345,208467,-0.18518,51.76087,129449467,69326.06525,58fcf9d7-db15-40d0-80ea-f14200a79895
224,E07000242,East Hertfordshire,,537995,220370,0.002739,51.86485,477741644.7,112057.2545,9e73f3ed-b61b-4f1c-8d06-13a7a0e564f0
225,E07000243,Stevenage,,524622,224531,-0.18987,51.90539,26823598.56,22050.06417,921e4668-1aa2-48e1-97b6-f7a95da5f2e5
226,E07000244,East Suffolk,,636043,266272,1.456186,52.24399,1278864658,247099.5208,87893ad8-db83-48d3-b2c9-d07a9908ada8
227,E07000245,West Suffolk,,580944,271124,0.652769,52.30842,1034497003,220612.6331,55c066a1-0726-487a-af8e-98e9031374a8
228,E08000001,Bolton,,368352,409873,-2.47952,53.58449,138708159.8,64700.00747,7bf0fbe4-6c09-4617-871a-ffd96be9f8a7
229,E08000002,Bury,,379658,410768,-2.3088,53.5931,100752127.9,57024.02744,40a007fb-4a65-4c17-9fa5-c89c6e7fd09c
230,E08000003,Manchester,,384591,397063,-2.23359,53.47009,111896483.9,69388.12135,446dd37d-a9f3-4afe-a04f-ae4b9c55a238
231,E08000004,Oldham,,396603,406784,-2.05274,53.55768,144007886.5,60961.32122,92c4da93-b933-4c93-b23b-9bc89dce570a
232,E08000005,Rochdale,,390315,412326,-2.14784,53.60741,156240283.7,70323.75541,7e3e4485-e422-47bf-a476-0a2303617028
233,E08000006,Salford,,374556,398128,-2.38485,53.47927,97967423.4,56607.34955,7d343866-b045-4cfd-9450-5cf3e0d3bacf
234,E08000007,Stockport,,391806,388264,-2.12467,53.39116,125536176,56951.00211,d9857585-8af0-40ef-b352-e5bb20702f37
235,E08000008,Tameside,,394987,397995,-2.077,53.47867,102159712.5,43841.72151,234bf5db-90e5-495b-a3ee-2f82488e10c0
236,E08000009,Trafford,,375790,391162,-2.36572,53.41671,108001388,50772.17853,9fba2969-87b4-43e4-8c7c-819bb6d5acfc
237,E08000010,Wigan,,362136,402125,-2.57247,53.51444,188328973.3,71520.55386,9725c8dc-66a5-434d-b993-1e7c5b4e225d
238,E08000011,Knowsley,,344762,393778,-2.83297,53.43788,86257984.14,57789.10154,0b428990-5fe8-450e-942d-47e3dad22a32
239,E08000012,Liverpool,,339361,390553,-2.91364,53.4083,112980832.5,54582.84941,30a137fa-ac15-4f5b-aca6-3fbc6b9d5346
240,E08000013,St Helens,,353412,395992,-2.7031,53.45862,135953986.4,64907.32762,6db7eca6-dd16-4752-9975-448f0b517523
241,E08000014,Sefton,,334282,398832,-2.99177,53.4821,153865122,98967.69783,7775b8c1-59c8-4c07-8388-c14a6433f58c
242,E08000015,Wirral,,329110,386965,-3.06701,53.37478,155787476.5,75458.09186,8cc2ffaf-9717-4ba5-8fd2-5c8475aa1a62
243,E08000016,Barnsley,,429979,403327,-1.54925,53.52577,327231074.7,106147.6042,ebcd7791-da1e-472c-8199-bc31d9f2742f
244,E08000017,Doncaster,,459167,403735,-1.10894,53.52697,567276858.8,116334.6947,9a64e38f-28de-4321-84a9-90988f400b57
245,E08000018,Rotherham,,447542,388980,-1.28651,53.39553,289185610.6,88845.27849,7f111be4-7651-42c1-986d-28f2a66c2285
246,E08000019,Sheffield,,430511,389736,-1.54254,53.40358,366749139,114173.2535,e0bd2264-8203-4b18-a07b-b9033c163d62
247,E08000021,Newcastle upon Tyne,,422287,569661,-1.65297,55.021,113022356.5,53420.24574,073e4b82-4f60-47a7-9050-8c82872fb4f4
248,E08000022,North Tyneside,,431471,570602,-1.50923,55.02896,83064513.77,58674.94136,724ccdd6-050c-4ede-91ac-8a733bb03f06
249,E08000023,South Tyneside,,435514,564057,-1.44679,54.96988,61949083.26,37886.6842,9e8cf3a2-280a-44b3-8812-10c1c517ab8e
250,E08000024,Sunderland,,436470,551524,-1.43344,54.85719,136154963.8,57180.94527,9d7c6c9b-1f24-4297-a6cb-1f3446287700
251,E08000025,Birmingham,,408150,287352,-1.88141,52.48404,269027436.3,88775.96184,6a95235b-1097-4a08-a6b1-86a0ba238024
252,E08000026,Coventry,,432807,279689,-1.51908,52.41423,99798597.28,43480.97318,3e179580-ba41-43b7-8ce2-818add2d2942
253,E08000027,Dudley,,393191,288584,-2.10171,52.49513,97265448.42,60124.43444,e046bdde-8d01-4e7c-91b3-0b593dd104b5
254,E08000028,Sandwell,,399573,290764,-2.00771,52.51477,85221452.4,48305.45928,e66bb187-62e1-4f34-b4b3-91c17cbedcac
255,E08000029,Solihull,,419434,281483,-1.71558,52.431,177542129,82694.81401,64146f07-5e27-4303-af95-5230bab94a3d
256,E08000030,Walsall,,402098,300804,-1.97044,52.60503,104027261.8,49836.87283,a5af6080-928c-40c9-a234-92c6059816e9
257,E08000031,Wolverhampton,,391463,300016,-2.12746,52.59788,69466029.86,41126.7702,91536fb5-654c-4b7d-9ab9-9093fa90b64e
258,E08000032,Bradford,,408395,438626,-1.87389,53.84382,368387119.5,113225.6852,f05748ff-951f-4637-ac5b-b3fdb78135da
259,E08000033,Calderdale,,402617,424896,-1.96182,53.72048,367618488,94050.24645,d6121dbf-8bb1-4d05-811d-e77dd8f61b50
260,E08000034,Kirklees,,414586,416223,-1.78085,53.64233,405306568.4,106837.5937,d27dddcf-8421-44b7-baaf-07dc95aca49c
261,E08000035,Leeds,,432528,436384,-1.50736,53.82273,550578446,133752.8773,1883d5e6-c329-4398-8c9f-7db0abd7fca4
262,E08000036,Wakefield,,438366,418235,-1.42092,53.65922,337270080.6,90462.25251,fc961f5f-3657-4eba-bffb-91bf235a03af
263,E08000037,Gateshead,,420158,559652,-1.68696,54.93115,147489164.6,67924.52742,57379d74-a184-4b38-bda3-a9d2406db46b
264,E09000001,City of London,,532381,181359,-0.09353,51.51565,2675582.103,6902.684099,f47bf1ce-e334-414f-977e-14c00b1baa31
265,E09000002,Barking and Dagenham,,547757,185111,0.129479,51.54555,36356431.25,31248.4775,42543985-7b72-414c-85ad-6da35209316f
266,E09000003,Barnet,,523472,191753,-0.21821,51.61108,86641766.08,41837.81321,6f5db23e-fe93-4dff-bea6-db95fdf44459
267,E09000004,Bexley,,549202,175434,0.146212,51.45822,61714804.9,36625.58583,6b093344-a351-470c-aa10-a90721a5fa4b
268,E09000005,Brent,,519615,186468,-0.27568,51.56441,44168306.02,33233.92135,f211097d-3205-4c0c-9439-22ce36c2f56a
269,E09000006,Bromley,,542036,165708,0.039246,51.37267,150184093.9,63027.28671,8bcc5b2c-8bca-48c1-918b-964f993813f7
270,E09000007,Camden,,527492,184284,-0.16289,51.54306,21274328.38,22056.62696,2c89c892-44f7-4446-aca1-7b43ec6ebdf2
271,E09000008,Croydon,,533922,164745,-0.07761,51.36598,85994798,46723.49127,09bd2ba9-8d9a-4842-beb6-653df107c6d0
272,E09000009,Ealing,,517057,181960,-0.31407,51.52443,54712370,39308.27026,0c7c0352-0852-47d5-9aa3-8503fd4cccc5
273,E09000010,Enfield,,532829,196197,-0.08147,51.64888,83022894.46,37692.89764,f950af85-4ddc-432b-b67a-857a3e7562e8
274,E09000011,Greenwich,,542507,175879,0.050093,51.46394,47345773.62,37947.82939,2c65a69b-91cd-4c5e-8886-0e277c03404b
275,E09000012,Hackney,,534560,185787,-0.06045,51.55492,19832896.81,21348.66751,dbc0e96c-50f8-479c-8675-93b8ee72bb97
276,E09000013,Hammersmith and Fulham,,523867,177993,-0.21735,51.48733,17336402.29,20309.67704,b649d52a-b1ec-4882-b1d6-ad127f397570
277,E09000014,Haringey,,531262,189349,-0.10667,51.58771,28654586.89,25649.8358,bb9a9c9d-e6da-4e3d-83ec-3aec7680da31
278,E09000015,Harrow,,515356,189736,-0.33603,51.59467,51786628.04,31190.61953,ee9e91df-3d16-4679-b2f3-fd16158cf009
279,E09000016,Havering,,555032,187514,0.235368,51.56519,113336955.4,58260.91542,83f88102-26aa-4a5f-a717-8d2941d1c9fc
280,E09000017,Hillingdon,,508166,183120,-0.44182,51.53663,115522200.9,55989.07104,1aea64b6-9da8-4f10-b8b9-e31c6c3c4df9
281,E09000018,Hounslow,,512742,174965,-0.37847,51.46243,56812520,46709.98259,142cc6f3-2e2d-4d3d-87d0-e9a37de06371
282,E09000019,Islington,,531158,184647,-0.10992,51.54548,15151971.1,17530.87391,8be6f7c5-ccf0-4a8f-a2b2-d412eb5406a7
283,E09000020,Kensington and Chelsea,,525757,179053,-0.18976,51.49644,11395764.05,17854.26798,7892ef4b-e42b-44e3-a6cd-372f34ea7aba
284,E09000021,Kingston upon Thames,,519508,167389,-0.28367,51.39296,38008804.87,33047.91554,6aca1461-0fcc-41b2-adc8-ea27f73313e3
285,E09000022,Lambeth,,531117,175629,-0.11386,51.46445,27175334.14,28901.29404,5447788c-ce52-43f0-b606-26a568a27d27
286,E09000023,Lewisham,,537889,173344,-0.01733,51.44231,34352484.24,30916.76955,2ee0ea28-6828-43b2-aeef-3def5d5e0808
287,E09000024,Merton,,526069,169507,-0.18867,51.41057,37359913.7,27901.82579,b8e14ec5-bc7c-46c0-a213-4cdbebf8a968
288,E09000025,Newham,,540714,183344,0.027275,51.53147,36938391.34,25879.72909,844f48a8-8f13-4175-87bb-836ec4f889f6
289,E09000026,Redbridge,,543512,189477,0.070085,51.58588,57732805.79,36048.30435,dc3eb550-01fb-468b-9685-72b6c305d37b
290,E09000027,Richmond upon Thames,,519005,172650,-0.28914,51.44035,57363994.87,45211.13733,bb2aeb20-6d03-4d59-b62f-977991010fd6
291,E09000028,Southwark,,533945,175863,-0.07309,51.46589,29748660.36,28143.18709,d0edb3f9-6364-4e7c-b3b7-a09a428d9036
292,E09000029,Sutton,,527356,163640,-0.17227,51.35756,44475239.26,32956.07103,7c772645-0ed2-42f2-b4d9-62607583eaef
293,E09000030,Tower Hamlets,,536340,181452,-0.03647,51.51554,19288119.96,22595.09281,c538b6a5-f799-4241-9168-2dfd22b688b8
294,E09000031,Waltham Forest,,537327,190277,-0.01881,51.59461,39258811.47,28340.86925,d87ba3bf-8b7a-4188-9a7b-7968f2a69570
295,E09000032,Wandsworth,,525151,174138,-0.20023,51.4524,35090262.07,33007.07062,94c53210-4498-431e-8182-62847793713c
296,E09000033,city of Westminster,,528268,180870,-0.15295,51.5122,22893192.08,22650.1711,d3c9965a-efc7-4800-b172-93b245ca33c0
297,W06000001,Isle of Anglesey,Ynys Môn,245217,378331,-4.32298,53.27931,708335626.5,208430.94,b6ce9009-1468-4f88-8799-98c4d086a0cb
298,W06000002,Gwynedd,Gwynedd,280555,334966,-3.77715,52.89883,2549541009,429759.256,f926747b-a2f2-4926-8ec3-7f80c59277d0
299,W06000003,Conwy,Conwy,283293,362563,-3.74646,53.14739,1136877379,196027.1983,e20b469a-4267-48d9-96dd-755325366db4
300,W06000004,Denbighshire,Sir Ddinbych,309843,355416,-3.34761,53.08833,834288014.8,188202.0954,7047c9d6-7429-4d36-9e0e-4225e13ed3a2
301,W06000005,Flintshire,Sir y Fflint,321134,369280,-3.18248,53.21471,435981046,137015.3733,93cfcb47-1fbf-47d2-b8e2-f8ebba4df9dd
302,W06000006,Wrexham,Wrecsam,333523,345387,-2.99203,53.00167,506884079.6,155283.2934,9d3451dd-f958-4ef5-961b-316c10d49ea1
303,W06000008,Ceredigion,Ceredigion,267127,268437,-3.94993,52.29795,1782536747,260666.8212,abba88b0-b15a-4038-9a71-4599dfc359da
304,W06000009,Pembrokeshire,Sir Benfro,199821,221392,-4.90818,51.85513,1626516372,372677.7247,99b12bf7-7f7e-4d4e-81ff-c788cef544b6
305,W06000010,Carmarthenshire,Sir Gaerfyrddin,247954,224133,-4.2111,51.89495,2369487855,320526.8397,88639d62-d21a-4dd0-8234-110b8f6c4ba6
306,W06000011,Swansea,Abertawe,264022,197308,-3.96723,51.65806,377715388.1,148719.3162,fefb9243-7829-4ed3-b8a8-e27bbe1bad7e
307,W06000012,Neath Port Talbot,Castell-nedd Port Talbot,279261,195412,-3.74638,51.6445,446695990.2,121351.9177,0299286f-fccc-48e6-a635-47e890ea0488
308,W06000013,Bridgend,Pen-y-bont ar Ogwr,288231,185870,-3.61375,51.5606,249582321.1,76696.21949,4000acf6-50cc-49e1-ab4f-7df091c7ed88
309,W06000014,The Vale of Glamorgan,Bro Morgannwg,302947,173080,-3.39801,51.44836,330462444.6,90397.21106,5aad2f61-5ed1-4c7d-b22f-9a44082990d2
310,W06000015,Cardiff,Caerdydd,315272,178887,-3.22209,51.50254,142327423.5,60184.44786,f3b58aa9-fd15-43bf-93a4-2f1938824c8a
311,W06000016,Rhondda Cynon Taff,Rhondda Cynon Taf,302237,192395,-3.41359,51.62185,422322765.3,112336.5335,5372746d-72ac-496e-914e-e5ec219fef63
312,W06000018,Caerphilly,Caerffili,317245,195259,-3.19753,51.65001,277815223.7,98224.84784,0b1d8963-0ac0-42be-bfb9-081c64ae6aba
313,W06000019,Blaenau Gwent,Blaenau Gwent,318236,206771,-3.18592,51.75364,109273372.2,58166.95297,6f519a7b-3f13-4466-ac7b-c71112d3786b
314,W06000020,Torfaen,Torfaen,327459,200480,-3.05101,51.69836,125716747.3,68469.96728,8b701623-4909-4089-a22e-81082f3c20e1
315,W06000021,Monmouthshire,Sir Fynwy,337812,209231,-2.9028,51.77827,855043434.3,183168.2435,26793a78-61a3-44be-bd03-d87ded837c8f
316,W06000022,Newport,Casnewydd,337897,187432,-2.89769,51.58231,191842534.4,87835.36216,0fc1f471-b079-469a-85cf-aaeffecc916e
317,W06000023,Powys,Powys,302329,273255,-3.43531,52.34864,5199756044,504309.7138,86a90b1d-53fc-42d6-9219-c54d373bb5f8
318,W06000024,Merthyr Tydfil,Merthyr Tudful,305916,206424,-3.36425,51.74858,113429637.6,59195.13447,f59b85d9-8573-4bc3-bd82-482cbc6bb55e
